INSERT INTO users (username, password, enabled) VALUES ('user', '$2a$10$wPHxwfsfTnOJAdgYcerBt.utdAvC24B/DWfuXfzKBSDHO0etB1ica', TRUE);
INSERT INTO users (username, password, enabled) VALUES ('admin', '$2a$10$wPHxwfsfTnOJAdgYcerBt.utdAvC24B/DWfuXfzKBSDHO0etB1ica', TRUE);

INSERT INTO users (username, password, enabled) VALUES ('novi@mail.com', '$2a$10$wPHxwfsfTnOJAdgYcerBt.utdAvC24B/DWfuXfzKBSDHO0etB1ica', TRUE);

INSERT INTO authorities (username, authority) VALUES ('user', 'ROLE_USER');
INSERT INTO authorities (username, authority) VALUES ('admin', 'ROLE_USER');
INSERT INTO authorities (username, authority) VALUES ('admin', 'ROLE_ADMIN');

INSERT INTO authorities (username, authority) VALUES ('novi@mail.com', 'ROLE_USER');
INSERT INTO authorities (username, authority) VALUES ('novi@mail.com', 'ROLE_ADMIN');



INSERT INTO plants (id, description, care, difficulty, file_name, food, latin_name, light, location, name, uploaded_by_username, uploaded_date, watering) VALUES ('1001',  'Bijzonder fraaie bladplanten. De diverse soorten hebben grote, veelkleurige bladeren met vele verschillende opvallende tekeningen en patronen.','Het beste staan calathea’s in vrij vochtige, maar beslist niet natte grond. Dat bereik je het gemakkelijkste door gelijkmatig en regelmatig water te geven, telkens in kleine beetjes tegelijk.', 'HARD', 'Calathea.jpeg', 'MONTH', 'Calathea', 'HALFSUNNY', 'uploads/Calathea.jpeg', 'Pauwenplant', 'novi@mail.com', '2021-10-01 11:21:44.084', 'WEEK');
INSERT INTO Plants (id, description, care, difficulty, file_name, food, latin_name, light, location, name, uploaded_by_username, uploaded_date, watering) VALUES ('1002',  'Behoort ook tot de groep luchtzuiverende planten. De naam Drakenbloedboom heeft een Dracaena te danken aan zijn uiterlijk, met puntige bladeren en rode hars, die bij sommige Dracaena''s vrijkomt.','De Dracaena is een makkelijke kamerplant om te verzorgen. De Dracaena kan goed op een plek staan in de (half)schaduw. Ook verbruikt de Drakenbloedboom weinig water.', 'EASY', 'DrakenBloedboom.jpeg', 'MONTH', 'Dracacena', 'SHADOW', 'uploads/DrakenBloedboom.jpeg', 'Drakenbloedboom', 'admin', '2021-10-01 11:30:44.084', 'WEEK');
INSERT INTO Plants (id, description, care, difficulty, file_name, food, latin_name, light, location, name, uploaded_by_username, uploaded_date, watering) VALUES ('1003',  'Kent vele verschillende soorten met prachtige bladeren, ieder met zijn eigen kleur, vorm en tekening. Geef jouw Peperomia een plekje waar deze veel licht krijgt.', 'De grond mag net niet uitdrogen, maar zeker ook niet te nat zijn, want daar kan hij slecht tegen. Vanaf het najaar minderen met water geven, tot zo’n 1 keer per week. In de lente en zomer heeft de plant voeding nodig.', 'EASY', 'Peperomia.jpeg', 'MONTH', 'Peperomia', 'HALFSUNNY', 'uploads/Peperomia.jpeg', 'Peperomia', 'user', '2021-10-01 11:31:44.084', 'WEEK');
INSERT INTO Plants (id, description, care, difficulty, file_name, food, latin_name, light, location, name, uploaded_by_username, uploaded_date, watering) VALUES ('1004',  'Met zijn ronde blaadjes, is de Pannenkoekplant een bijzondere verschijning. Het is ook een luchtzuiverende plant!','De plant staat het liefst op een plek met veel indirect zonlicht. De plant krijgt verder het liefst regelmatig kleine scheutjes water, zodat de grond lichtvochtig blijft.', 'EASY', 'Pannenkoekplant.jpeg', 'MONTH', 'Pilea Peperomioides', 'HALFSUNNY', 'uploads/Pannenkoekplant.jpeg', 'Pannenkoekplant', 'novi@mail.com', '2021-10-01 11:31:44.084', 'THREEDAYS');
INSERT INTO Plants (id, description, care, difficulty, file_name, food, latin_name, light, location, name, uploaded_by_username, uploaded_date, watering) VALUES ('1005',  'Om de verdamping te beperken en luchtvocht op te nemen is het blad bedekt met een grijswit viltig laagje. Dit mag nooit worden afgeveegd!','Hij houdt er wel van om continue licht vochtige aarde te hebben, dus let daar op. Hij staat het liefste op een lichte plaats waar geen direct zonlicht staat.', 'MODERATE', 'Hertshoorvaren.jpeg', 'MONTH', 'Platycerium', 'HALFSUNNY', 'uploads/Hertshoorvaren.jpeg', 'Hertshoornvaren', 'novi@mail.com', '2021-10-10 11:33:44.084', 'TWODAYS');
INSERT INTO Plants (id, description, care, difficulty, file_name, food, latin_name, light, location, name, uploaded_by_username, uploaded_date, watering) VALUES ('1006',  'De bladeren lijken van fluweel, met hun kleine felgekleurde haartjes.','En deze Indonesische lichtaanbidder laat direct zien hoe blij ze is met veel (indirect) zonlicht. Geef regelmatig kleine beetjes water.', 'MODERATE', 'Fluweelplant.jpeg', 'MONTH', 'Platycerium', 'SUNNY', 'uploads/Fluweelplant.jpeg', 'Fluweelplant', 'novi@mail.com', '2021-10-01 11:32:44.084', 'TWODAYS');
INSERT INTO Plants (id, description, care, difficulty, file_name, food, latin_name, light, location, name, uploaded_by_username, uploaded_date, watering) VALUES ('1007',  'De Alocasia is een kamerplant die je niet zo snel over het hoofd zal zien. Deze namen heeft de Alocasia te danken aan zijn enorme bladeren (olifantenoren) die wel 1 meter groot kunnen worden. Het is gelukkig ook niet de moeilijkste plant om te verzorgen.','De Alocasia staat graag op een plek met veel zonlicht. Bij een gebrek aan zonlicht zullen de bladeren lange stengels krijgen. Hiermee probeert de kamerplant het zonlicht te bereiken. Worden de bladeren te lang, dan kan een Alocasia het gewicht van de enorme bladeren niet meer dragen en is er een kans dat deze gaan hangen of zelfs breken. De Olifantsoor groeit van nature naar de zon toe, draai de plant daarom met enige regelmaat een kwartslag.', 'EASY', 'bladstek.jpg', 'MONTH', 'Alocasia', 'SUNNY', 'uploads/bladstek.jpg', 'Oliefantsoor', 'novi@mail.com', '2021-10-01 11:40:44.084', 'THREEDAYS');
INSERT INTO Plants (id, description, care, difficulty, file_name, food, latin_name, light, location, name, uploaded_by_username, uploaded_date, watering) VALUES ('1008',  'De zaagcactus is zeer geschikt als hangplant, aangezien zijn hangende bladeren tot wel een meter lang kunnen worden. Natuurlijk wordt de plant zaagcactus genoemd door zijn aparte groei van de stengels die als een zigzag groeien.','Geef hem een lichte plek, maar niet in de volle zon. Ondanks dat hij tot de cactussen behoort kan hij namelijk niet tegen teveel zonlicht. Zorg dat de wintertemperatuur van zijn standplaats niet onder de 10 graden komt. Hij houdt van een voedzame en goed doorlatende bodem.', 'EASY', 'Hangcactus.jpeg', 'MONTH', 'Epiphyllum', 'SUNNY', 'uploads/Hangcactus.jpeg', 'Zaagcactus', 'novi@mail.com', '2021-10-01 11:50:44.084', 'MONTH');
INSERT INTO Plants (id, description, care, difficulty, file_name, food, latin_name, light, location, name, uploaded_by_username, uploaded_date, watering) VALUES ('1009',  'De Begonia is een kamerplant die makkelijk te stekken en te kruisen is. Hierdoor zijn er ontelbare soorten. Vele soorten zijn zelfs te vermeerderen door middel van een blad met een steeltje in de grond te steken.','De grond rondom een bloeiende Begonia of Bladbegonia dient ten alle tijden vochtig te zijn. Voel regelmatig aan de grond om te controleren of jouw Begonia niet aan het uitdrogen is. Plaats een bladbegonia op een locatie met halfschaduw. Vermijd daarom de felle middagzon, maar geef de plant wel voldoende indirect licht. Een locatie voor een raam op het noorden is daarom ideaal. Staat jouw raam op het zuiden? Plaats de bladbegonia dan enkele meters van het raam.', 'MODERATE', 'Geranium.jpeg', 'MONTH', 'Begonia', 'HALFSUNNY', 'uploads/Geranium.jpeg', 'Begonia', 'novi@mail.com', '2021-10-01 11:55:44.084', 'THREEDAYS');
INSERT INTO Plants (id, description, care, difficulty, file_name, food, latin_name, light, location, name, uploaded_by_username, uploaded_date, watering) VALUES ('1010',  'De Croton, is een kamerplant met bontgekleurde bladeren. De kleur van het blad van deze kamerplant varieerd van geel, rood, bruin, groen en soms zelfs oranje of paars. Ooit aangemerkt als oubollig maar is terecht bezig aan een comeback.','De hoeveelheid water die een Croton nodig heeft is afhankelijk van o.a. de standplaats (licht en warmte), grootte van de plant en het seizoen.', 'MODERATE', 'Crocata.jpeg', 'TWOWEEKS', 'Codiaeum', 'HALFSUNNY', 'uploads/Crocata.jpeg', 'Croton', 'novi@mail.com', '2021-10-01 11:55:44.084', 'WEEK');
INSERT INTO Plants (id, description, care, difficulty, file_name, food, latin_name, light, location, name, uploaded_by_username, uploaded_date, watering) VALUES ('1011',  'De Monstera heeft prachtige grote groene bladeren met gaten en je herkent de Monstera dan ook direct aan zijn opvallende uiterlijk. De Gatenplant heeft zijn naam te danken aan de gaten! De gatenplant een ideale huisgenoot. Hij is niet alleen makkelijk in de verzorging, maar helpt ook nog eens mee om de lucht te zuiveren.','Tussen de gietbeurten door laat je de kluit bijna helemaal uitdrogen voor je weer water geeft. Waarschijnlijk heeft je (Philodendron) Monstera deliciosa in de lente en zomer één of twee keer per week water nodig en in de winter een keer per week. Blijf naar je planten kijken en pas de hoeveelheid water aan als je merkt dat de grond snel droog is of juist heel lang nat blijft.', 'EASY', 'planten.jpeg', 'MONTH', 'Monstera', 'SHADOW', 'uploads/planten.jpg', 'Gatenplant', 'novi@mail.com', '2021-10-01 11:60:44.084', 'WEEK');